pc11_state_id,pc11_district_id,year,nightlights_category,viirs_annual_mean,viirs_annual_sum,viirs_annual_num_cells,pc11_district_name,zone_indicator,num_sezs,mean_distance_to_chennai_km,coastal_district,mean_population_density_per_sq_km,current_districts_mapped,district_type,log_viirs_mean
33,602,2013,average-masked,3.020291031167277,51684.21661995949,17112.329933312634,Thiruvallur,1,4,39.8,1,1098,Tiruvallur,SEZ district,1.3913542958232348
33,603,2013,average-masked,22.954947973314063,19583.125299078296,853.1112909445219,Chennai,1,5,0,1,26553,Chennai,SEZ district,3.176174898481926
33,604,2013,average-masked,2.1782787248711246,44891.81352821716,20608.847258916845,Kancheepuram,1,20,60.650000000000006,1,909.5,Kancheepuram; Chengalpattu,SEZ district,1.1563397687593095
33,605,2013,average-masked,0.8074923283912923,23823.565429816,29503.14769835392,Vellore,1,1,141.43333333333334,0,529.3333333333334,Vellore; Ranipet; Tirupathur,SEZ district,0.5919404307216053
33,606,2013,average-masked,0.510915536955266,15125.74547155105,29605.178111613008,Tiruvannamalai,1,1,161,0,399,Tiruvannamalai,SEZ district,0.41271578295604777
33,607,2013,average-masked,0.6813478938421781,23415.222739324978,34366.030849944465,Viluppuram,0,0,179.65,1,456,Viluppuram; Kallakurichi,Non-SEZ district,0.519595789493523
33,608,2013,average-masked,1.093689067217568,27482.57154347504,25128.322452187334,Salem,1,1,279.5,0,663,Salem,SEZ district,0.7389276139433165
33,609,2013,average-masked,0.7819653762128056,12879.508615851822,16470.68912210605,Namakkal,0,0,308.5,0,506,Namakkal,Non-SEZ district,0.5777168991251809
33,610,2013,average-masked,0.4795054656063549,13212.42628247503,27554.276708331905,Erode,1,2,338.4,0,394,Erode,SEZ district,0.3917078870766196
33,611,2013,average-masked,0.3294105570634143,4036.19487320092,12252.77935589635,The Nilgiris,0,0,430.7,0,287,Nilgiris,Non-SEZ district,0.2847356538179851
33,612,2013,average-masked,0.3805051245493758,11182.155688570678,29387.66120906642,Dindigul,0,0,391.6,0,357,Dindigul,Non-SEZ district,0.3224494644777964
33,613,2013,average-masked,0.5167843019707345,7076.075372969297,13692.51222605832,Karur,0,0,335.6,0,371,Karur,Non-SEZ district,0.4165925030259391
33,614,2013,average-masked,0.8676050905928717,18111.794109152077,20875.61991686276,Tiruchirappalli,1,1,306.6,0,602,Tiruchirappalli,SEZ district,0.624656909851384
33,615,2013,average-masked,0.4436121344068698,3660.373373997477,8251.292266591325,Perambalur,0,0,255,0,321,Perambalur,Non-SEZ district,0.3671483994084632
33,616,2013,average-masked,0.605664777714698,5607.117214403243,9257.789821557875,Ariyalur,0,0,251.9,0,390,Ariyalur,Non-SEZ district,0.4735378625508191
33,617,2013,average-masked,1.3455647224311276,23436.961853973226,17417.937214962054,Cuddalore,0,0,158.5,1,704,Cuddalore,Non-SEZ district,0.8525261927058636
33,618,2013,average-masked,0.658039672302133,7986.028785352084,12136.090150025742,Nagapattinam,0,0,245.95000000000002,1,694,Nagapattinam; Mayiladuthurai,Non-SEZ district,0.5056359842327082
33,619,2013,average-masked,0.4911631516390974,5276.430348051145,10742.7243481983,Thiruvarur,0,0,266.7,1,533,Tiruvarur,Non-SEZ district,0.3995564541014284
33,620,2013,average-masked,0.7449061583717389,12170.051845397988,16337.697988697026,Thanjavur,0,0,283.5,0,691,Thanjavur,Non-SEZ district,0.5567007767709333
33,621,2013,average-masked,0.3382837447504816,7689.052942439302,22729.59626869081,Pudukkottai,0,0,340.2,0,348,Pudukkottai,Non-SEZ district,0.2913880055538547
33,622,2013,average-masked,0.2647226569876826,5294.05213010506,19998.485170656888,Sivaganga,0,0,409.1,0,324,Sivaganga,Non-SEZ district,0.23485285465411868
33,623,2013,average-masked,0.7658061361288018,13527.876684502638,17664.88416100569,Madurai,1,2,422.1,0,819,Madurai,SEZ district,0.5686073204644708
33,624,2013,average-masked,0.2670822348590328,3485.3079822095374,13049.568736943878,Theni,0,0,457.5,0,433,Theni,Non-SEZ district,0.23671680440957363
33,625,2013,average-masked,0.4717549010208154,9673.361127832566,20505.05698382929,Virudhunagar,0,0,464.8,0,454,Virudhunagar,Non-SEZ district,0.3864554989840934
33,626,2013,average-masked,0.2135182961436245,4158.405542741414,19475.6403448641,Ramanathapuram,0,0,442,1,320,Ramanathapuram,Non-SEZ district,0.19352382323907102
33,627,2013,average-masked,0.5485320387578461,12220.858562829106,22279.20649904664,Thoothukkudi,1,1,533.8,1,378,Thoothukudi,SEZ district,0.43730741040619736
33,628,2013,average-masked,0.6099860206004697,19263.60893364392,31580.410506261836,Tirunelveli,1,3,559.25,0,435,Tirunelveli; Tenkasi,SEZ district,0.4762254961018243
33,629,2013,average-masked,0.9046835277531968,7289.896858109026,8057.952460142233,Kanniyakumari,0,0,630.5,1,1119,Kanniyakumari,Non-SEZ district,0.6443158676143423
33,630,2013,average-masked,0.2584527437660799,5490.70335442034,21244.51562947948,Dharmapuri,0,0,252.7,0,335,Dharmapuri,Non-SEZ district,0.22988298523870843
33,631,2013,average-masked,0.3923956522391207,9665.114864846337,24631.044736847754,Krishnagiri,1,3,231.7,0,370,Krishnagiri,SEZ district,0.33102575445610394
33,632,2013,average-masked,1.0788599788845257,24193.318188353507,22424.89170222804,Coimbatore,1,4,427.4,0,748,Coimbatore,SEZ district,0.7318196563838544
33,633,2013,average-masked,0.6874729006654771,16912.46312526241,24600.916063587472,Tiruppur,0,0,386.8,0,478,Tiruppur,Non-SEZ district,0.5232320847707004
33,602,2018,average-masked,3.999226264582029,68436.07931749713,17112.329933312634,Thiruvallur,1,4,39.8,1,1098,Tiruvallur,SEZ district,1.6092831533759409
33,603,2018,average-masked,27.313150312042502,23301.15692246835,853.1112909445219,Chennai,1,5,0,1,26553,Chennai,SEZ district,3.3433263720582316
33,604,2018,average-masked,2.864556812706587,59035.213817559714,20608.847258916845,Kancheepuram,1,20,60.650000000000006,1,909.5,Kancheepuram; Chengalpattu,SEZ district,1.3518470086358156
33,605,2018,average-masked,1.0724484239434335,31640.60425047,29503.14769835392,Vellore,1,1,141.43333333333334,0,529.3333333333334,Vellore; Ranipet; Tirupathur,SEZ district,0.7287307218037493
33,606,2018,average-masked,0.5591059021940127,16552.429817707827,29605.178111613008,Tiruvannamalai,1,1,161,0,399,Tiruvannamalai,SEZ district,0.4441125173349278
33,607,2018,average-masked,0.7562848349928902,25990.507970710823,34366.030849944465,Viluppuram,0,0,179.65,1,456,Viluppuram; Kallakurichi,Non-SEZ district,0.5632006887746069
33,608,2018,average-masked,1.3510451213575423,33949.497456926896,25128.322452187334,Salem,1,1,279.5,0,663,Salem,SEZ district,0.8548599617844548
33,609,2018,average-masked,0.9801879004396444,16144.37018939122,16470.68912210605,Namakkal,0,0,308.5,0,506,Namakkal,Non-SEZ district,0.6831917394157402
33,610,2018,average-masked,0.6775821075877235,18670.28488508685,27554.276708331905,Erode,1,2,338.4,0,394,Erode,SEZ district,0.5173535350668912
33,611,2018,average-masked,0.3167763410333793,3881.390611850172,12252.77935589635,The Nilgiris,0,0,430.7,0,287,Nilgiris,Non-SEZ district,0.2751865837632961
33,612,2018,average-masked,0.4917579789853328,14451.616883276163,29387.66120906642,Dindigul,0,0,391.6,0,357,Dindigul,Non-SEZ district,0.39995527614738396
33,613,2018,average-masked,0.6703084013016924,9178.20598005303,13692.51222605832,Karur,0,0,335.6,0,371,Karur,Non-SEZ district,0.5130082808171319
33,614,2018,average-masked,1.0367989181589798,21643.820145701364,20875.61991686276,Tiruchirappalli,1,1,306.6,0,602,Tiruchirappalli,SEZ district,0.711379417673466
33,615,2018,average-masked,0.5519945227166252,4554.668136492459,8251.292266591325,Perambalur,0,0,255,0,321,Perambalur,Non-SEZ district,0.4395408925773672
33,616,2018,average-masked,0.7202789196951541,6668.1908514365,9257.789821557875,Ariyalur,0,0,251.9,0,390,Ariyalur,Non-SEZ district,0.5424864402918881
33,617,2018,average-masked,1.379858913442847,24034.295919853263,17417.937214962054,Cuddalore,0,0,158.5,1,704,Cuddalore,Non-SEZ district,0.86704120586022
33,618,2018,average-masked,0.8972819926593983,10889.495152909194,12136.090150025742,Nagapattinam,0,0,245.95000000000002,1,694,Nagapattinam; Mayiladuthurai,Non-SEZ district,0.6404223318079655
33,619,2018,average-masked,0.5929216054034134,6369.593366940073,10742.7243481983,Thiruvarur,0,0,266.7,1,533,Tiruvarur,Non-SEZ district,0.4655698177919263
33,620,2018,average-masked,0.883391279271333,14432.579926583749,16337.697988697026,Thanjavur,0,0,283.5,0,691,Thanjavur,Non-SEZ district,0.6330740237716123
33,621,2018,average-masked,0.4791493614157517,10890.871537381054,22729.59626869081,Pudukkottai,0,0,340.2,0,348,Pudukkottai,Non-SEZ district,0.39146716674042464
33,622,2018,average-masked,0.3498233753611078,6995.937584508252,19998.485170656888,Sivaganga,0,0,409.1,0,324,Sivaganga,Non-SEZ district,0.29997375082509986
33,623,2018,average-masked,0.96661362115221,17075.11764610403,17664.88416100569,Madurai,1,2,422.1,0,819,Madurai,SEZ district,0.6763130895843187
33,624,2018,average-masked,0.3726859709963669,4863.391195811763,13049.568736943878,Theni,0,0,457.5,0,433,Theni,Non-SEZ district,0.3167693832162346
33,625,2018,average-masked,0.6420242152916791,13164.743119554165,20505.05698382929,Virudhunagar,0,0,464.8,0,454,Virudhunagar,Non-SEZ district,0.4959297583585703
33,626,2018,average-masked,0.3399448187616698,6620.643027302291,19475.6403448641,Ramanathapuram,0,0,442,1,320,Ramanathapuram,Non-SEZ district,0.2926284330862947
33,627,2018,average-masked,0.7977988331815462,17774.32494915013,22279.20649904664,Thoothukkudi,1,1,533.8,1,378,Thoothukudi,SEZ district,0.5865630461312232
33,628,2018,average-masked,0.8027068034779676,25349.810370003463,31580.410506261836,Tirunelveli,1,3,559.25,0,435,Tirunelveli; Tenkasi,SEZ district,0.5892893150676418
33,629,2018,average-masked,1.189361661837789,9583.819729004665,8057.952460142233,Kanniyakumari,0,0,630.5,1,1119,Kanniyakumari,Non-SEZ district,0.7836100227273803
33,630,2018,average-masked,0.440870394611411,9366.077988896906,21244.51562947948,Dharmapuri,0,0,252.7,0,335,Dharmapuri,Non-SEZ district,0.36524737168957383
33,631,2018,average-masked,0.7421462006363403,18279.836269155287,24631.044736847754,Krishnagiri,1,3,231.7,0,370,Krishnagiri,SEZ district,0.5551178017951799
33,632,2018,average-masked,1.5430284806733874,34602.24657255418,22424.89170222804,Coimbatore,1,4,427.4,0,748,Coimbatore,SEZ district,0.9333556860128894
33,633,2018,average-masked,0.9438281547912124,23219.037214469263,24600.916063587472,Tiruppur,0,0,386.8,0,478,Tiruppur,Non-SEZ district,0.6646593043897908
33,602,2014,average-masked,3.134893003399121,53645.32337979912,17112.329933312634,Thiruvallur,1,4,39.8,1,1098,Tiruvallur,SEZ district,1.4194614523002698
33,603,2014,average-masked,23.950723137642587,20432.632335009097,853.1112909445219,Chennai,1,5,0,1,26553,Chennai,SEZ district,3.2169028052501636
33,604,2014,average-masked,2.4192335060490247,49857.61380981824,20608.847258916845,Kancheepuram,1,20,60.650000000000006,1,909.5,Kancheepuram; Chengalpattu,SEZ district,1.2294164049173437
33,605,2014,average-masked,0.9343958948591328,27567.62009476457,29503.14769835392,Vellore,1,1,141.43333333333334,0,529.3333333333334,Vellore; Ranipet; Tirupathur,SEZ district,0.6597950786982717
33,606,2014,average-masked,0.5100504583752605,15100.134666109445,29605.178111613008,Tiruvannamalai,1,1,161,0,399,Tiruvannamalai,SEZ district,0.4121430664110827
33,607,2014,average-masked,0.7011620986615581,24096.15831341491,34366.030849944465,Viluppuram,0,0,179.65,1,456,Viluppuram; Kallakurichi,Non-SEZ district,0.53131160497067
33,608,2014,average-masked,1.2464737549074218,31321.794441502425,25128.322452187334,Salem,1,1,279.5,0,663,Salem,SEZ district,0.80936176680122
33,609,2014,average-masked,0.8814512572164701,14518.109633902017,16470.68912210605,Namakkal,0,0,308.5,0,506,Namakkal,Non-SEZ district,0.632043424373218
33,610,2014,average-masked,0.5847600232280282,16112.639487995682,27554.276708331905,Erode,1,2,338.4,0,394,Erode,SEZ district,0.4604329909629123
33,611,2014,average-masked,0.3134800276749736,3841.001611581733,12252.77935589635,The Nilgiris,0,0,430.7,0,287,Nilgiris,Non-SEZ district,0.27268012460339525
33,612,2014,average-masked,0.4396315064501324,12919.74176838799,29387.66120906642,Dindigul,0,0,391.6,0,357,Dindigul,Non-SEZ district,0.36438718254183367
33,613,2014,average-masked,0.586172956529991,8026.180373871654,13692.51222605832,Karur,0,0,335.6,0,371,Karur,Non-SEZ district,0.46132416930347947
33,614,2014,average-masked,0.989260205287808,20651.42004446591,20875.61991686276,Tiruchirappalli,1,1,306.6,0,602,Tiruchirappalli,SEZ district,0.6877628134811778
33,615,2014,average-masked,0.4894942869853977,4038.960424743247,8251.292266591325,Perambalur,0,0,255,0,321,Perambalur,Non-SEZ district,0.39843665763876723
33,616,2014,average-masked,0.6472707052875502,5992.296147203669,9257.789821557875,Ariyalur,0,0,251.9,0,390,Ariyalur,Non-SEZ district,0.49911980034126413
33,617,2014,average-masked,1.4332525884866965,24964.303599443123,17417.937214962054,Cuddalore,0,0,158.5,1,704,Cuddalore,Non-SEZ district,0.8892288761219876
33,618,2014,average-masked,0.6996371063922966,8490.858995480063,12136.090150025742,Nagapattinam,0,0,245.95000000000002,1,694,Nagapattinam; Mayiladuthurai,Non-SEZ district,0.5304147614468233
33,619,2014,average-masked,0.6297990861625457,6765.757977391418,10742.7243481983,Thiruvarur,0,0,266.7,1,533,Tiruvarur,Non-SEZ district,0.4884567471985519
33,620,2014,average-masked,0.7961574551308845,13007.380053377994,16337.697988697026,Thanjavur,0,0,283.5,0,691,Thanjavur,Non-SEZ district,0.5856496359319291
33,621,2014,average-masked,0.4025599380038158,9150.024864775934,22729.59626869081,Pudukkottai,0,0,340.2,0,348,Pudukkottai,Non-SEZ district,0.3382990940461444
33,622,2014,average-masked,0.3102195765221652,6203.921600725982,19998.485170656888,Sivaganga,0,0,409.1,0,324,Sivaganga,Non-SEZ district,0.27019473883289896
33,623,2014,average-masked,0.8688157714444712,15347.52995982138,17664.88416100569,Madurai,1,2,422.1,0,819,Madurai,SEZ district,0.6253049529593058
33,624,2014,average-masked,0.3201771731241453,4178.174028683915,13049.568736943878,Theni,0,0,457.5,0,433,Theni,Non-SEZ district,0.2777659496550507
33,625,2014,average-masked,0.5580971920777347,11443.81472606907,20505.05698382929,Virudhunagar,0,0,464.8,0,454,Virudhunagar,Non-SEZ district,0.4434653280944576
33,626,2014,average-masked,0.2453704913836808,4778.747441431144,19475.6403448641,Ramanathapuram,0,0,442,1,320,Ramanathapuram,Non-SEZ district,0.21943306908820862
33,627,2014,average-masked,0.665530882044682,14827.499952566122,22279.20649904664,Thoothukkudi,1,1,533.8,1,378,Thoothukudi,SEZ district,0.5101439206860464
33,628,2014,average-masked,0.7794575842678533,24615.59048339798,31580.410506261836,Tirunelveli,1,3,559.25,0,435,Tirunelveli; Tenkasi,SEZ district,0.5763085899255925
33,629,2014,average-masked,1.0047442449773951,8096.181360629353,8057.952460142233,Kanniyakumari,0,0,630.5,1,1119,Kanniyakumari,Non-SEZ district,0.695516494007475
33,630,2014,average-masked,0.280809577758468,5965.663463597305,21244.51562947948,Dharmapuri,0,0,252.7,0,335,Dharmapuri,Non-SEZ district,0.24749236062249247
33,631,2014,average-masked,0.438737785958761,10806.570033695778,24631.044736847754,Krishnagiri,1,3,231.7,0,370,Krishnagiri,SEZ district,0.3637661916756173
33,632,2014,average-masked,1.2895107718055634,28917.13940659625,22424.89170222804,Coimbatore,1,4,427.4,0,748,Coimbatore,SEZ district,0.8283381579764342
33,633,2014,average-masked,0.8347973726653656,20536.78009504401,24600.916063587472,Tiruppur,0,0,386.8,0,478,Tiruppur,Non-SEZ district,0.6069340517937927
33,602,2022,average-masked,4.937658857655289,84494.84747034087,17112.329933312634,Thiruvallur,1,4,39.8,1,1098,Tiruvallur,SEZ district,1.781314923976374
33,603,2022,average-masked,30.194276782496093,25759.078445051447,853.1112909445219,Chennai,1,5,0,1,26553,Chennai,SEZ district,3.440234641530453
33,604,2022,average-masked,3.642619493206752,75070.18875785104,20608.847258916845,Kancheepuram,1,20,60.650000000000006,1,909.5,Kancheepuram; Chengalpattu,SEZ district,1.5352787528917808
33,605,2022,average-masked,1.310526724281042,38664.66350910352,29503.14769835392,Vellore,1,1,141.43333333333334,0,529.3333333333334,Vellore; Ranipet; Tirupathur,SEZ district,0.8374755177105648
33,606,2022,average-masked,0.7920309125078989,23448.216234699725,29605.178111613008,Tiruvannamalai,1,1,161,0,399,Tiruvannamalai,SEZ district,0.5833495646873801
33,607,2022,average-masked,1.0134941003417686,34829.76951858193,34366.030849944465,Viluppuram,0,0,179.65,1,456,Viluppuram; Kallakurichi,Non-SEZ district,0.6998715712538095
33,608,2022,average-masked,1.5814112509827387,39738.21184421122,25128.322452187334,Salem,1,1,279.5,0,663,Salem,SEZ district,0.9483362458904077
33,609,2022,average-masked,1.2612606279784535,20773.83170538536,16470.68912210605,Namakkal,0,0,308.5,0,506,Namakkal,Non-SEZ district,0.8159224577620733
33,610,2022,average-masked,0.878047399695508,24193.961014241333,27554.276708331905,Erode,1,2,338.4,0,394,Erode,SEZ district,0.6302326199220386
33,611,2022,average-masked,0.3913258182592423,4794.828907396091,12252.77935589635,The Nilgiris,0,0,430.7,0,287,Nilgiris,Non-SEZ district,0.33025711862533713
33,612,2022,average-masked,0.7381095829779608,21691.31435972161,29387.66120906642,Dindigul,0,0,391.6,0,357,Dindigul,Non-SEZ district,0.5527980760511618
33,613,2022,average-masked,1.009407517263063,13821.324771199665,13692.51222605832,Karur,0,0,335.6,0,371,Karur,Non-SEZ district,0.6978399110876822
33,614,2022,average-masked,1.4079200283049194,29391.203384232154,20875.61991686276,Tiruchirappalli,1,1,306.6,0,602,Tiruchirappalli,SEZ district,0.8787633160582551
33,615,2022,average-masked,0.9332908735110472,7700.855767081966,8251.292266591325,Perambalur,0,0,255,0,321,Perambalur,Non-SEZ district,0.6592236666660517
33,616,2022,average-masked,1.302293575739357,12056.360210160028,9257.789821557875,Ariyalur,0,0,251.9,0,390,Ariyalur,Non-SEZ district,0.8339058328978596
33,617,2022,average-masked,1.5033972856657432,26186.079530870287,17417.937214962054,Cuddalore,0,0,158.5,1,704,Cuddalore,Non-SEZ district,0.9176487236520879
33,618,2022,average-masked,1.0544484697670795,12796.881687649971,12136.090150025742,Nagapattinam,0,0,245.95000000000002,1,694,Nagapattinam; Mayiladuthurai,Non-SEZ district,0.7200074273850545
33,619,2022,average-masked,0.995808451785182,10697.695701134327,10742.7243481983,Thiruvarur,0,0,266.7,1,533,Tiruvarur,Non-SEZ district,0.6910492072447493
33,620,2022,average-masked,1.26102187838933,20602.194606264304,16337.697988697026,Thanjavur,0,0,283.5,0,691,Thanjavur,Non-SEZ district,0.8158168696706575
33,621,2022,average-masked,0.7016641139931252,15948.542027292382,22729.59626869081,Pudukkottai,0,0,340.2,0,348,Pudukkottai,Non-SEZ district,0.5316066628454108
33,622,2022,average-masked,0.5857908586236262,11714.929799290954,19998.485170656888,Sivaganga,0,0,409.1,0,324,Sivaganga,Non-SEZ district,0.4610832473191948
33,623,2022,average-masked,1.318160049145861,23285.1445738272,17664.88416100569,Madurai,1,2,422.1,0,819,Madurai,SEZ district,0.8407737887573877
33,624,2022,average-masked,0.5384303626231719,7026.2840271087,13049.568736943878,Theni,0,0,457.5,0,433,Theni,Non-SEZ district,0.4307626515921924
33,625,2022,average-masked,0.9142125342113754,18745.98010933524,20505.05698382929,Virudhunagar,0,0,464.8,0,454,Virudhunagar,Non-SEZ district,0.6493063287737859
33,626,2022,average-masked,0.5630332595306149,10965.433264814785,19475.6403448641,Ramanathapuram,0,0,442,1,320,Ramanathapuram,Non-SEZ district,0.4466283305031593
33,627,2022,average-masked,1.084156773176776,24154.152626945463,22279.20649904664,Thoothukkudi,1,1,533.8,1,378,Thoothukudi,SEZ district,0.7343643481139035
33,628,2022,average-masked,1.0369493020324974,32747.284632367955,31580.410506261836,Tirunelveli,1,3,559.25,0,435,Tirunelveli; Tenkasi,SEZ district,0.7114532483892871
33,629,2022,average-masked,1.495798829825664,12053.07586067158,8057.952460142233,Kanniyakumari,0,0,630.5,1,1119,Kanniyakumari,Non-SEZ district,0.9146088502340921
33,630,2022,average-masked,0.7219801105702629,15338.117743183271,21244.51562947948,Dharmapuri,0,0,252.7,0,335,Dharmapuri,Non-SEZ district,0.5434748557473501
33,631,2022,average-masked,1.2972875851399226,31953.548546138623,24631.044736847754,Krishnagiri,1,3,231.7,0,370,Krishnagiri,SEZ district,0.8317291161921806
33,632,2022,average-masked,2.111771219974236,47356.24090780421,22424.89170222804,Coimbatore,1,4,427.4,0,748,Coimbatore,SEZ district,1.1351920881813098
33,633,2022,average-masked,1.5054805639790625,37036.200989811245,24600.916063587472,Tiruppur,0,0,386.8,0,478,Tiruppur,Non-SEZ district,0.9184805580453318
33,602,2023,average-masked,5.468178890469149,93573.28130808347,17112.329933312634,Thiruvallur,1,4,39.8,1,1098,Tiruvallur,SEZ district,1.8668945991043686
33,603,2023,average-masked,32.50798983110808,27732.933170828004,853.1112909445219,Chennai,1,5,0,1,26553,Chennai,SEZ district,3.5117839128149764
33,604,2023,average-masked,4.112225563120557,84748.22852456487,20608.847258916845,Kancheepuram,1,20,60.650000000000006,1,909.5,Kancheepuram; Chengalpattu,SEZ district,1.6316348403428984
33,605,2023,average-masked,1.5084775745507062,44504.83668162417,29503.14769835392,Vellore,1,1,141.43333333333334,0,529.3333333333334,Vellore; Ranipet; Tirupathur,SEZ district,0.9196760251177601
33,606,2023,average-masked,0.9222118855991396,27302.247129809,29605.178111613008,Tiruvannamalai,1,1,161,0,399,Tiruvannamalai,SEZ district,0.6534765467190818
33,607,2023,average-masked,1.1882435036777448,40835.21290463548,34366.030849944465,Viluppuram,0,0,179.65,1,456,Viluppuram; Kallakurichi,Non-SEZ district,0.7830991688965371
33,608,2023,average-masked,1.8511350611317217,46515.918718667424,25128.322452187334,Salem,1,1,279.5,0,663,Salem,SEZ district,1.047717182057045
33,609,2023,average-masked,1.5137272733247125,24932.1313345846,16470.68912210605,Namakkal,0,0,308.5,0,506,Namakkal,Non-SEZ district,0.9217666211189371
33,610,2023,average-masked,1.0409493009587762,28682.605077962788,27554.276708331905,Erode,1,2,338.4,0,394,Erode,SEZ district,0.7134150432246094
33,611,2023,average-masked,0.5011287073739532,6140.219480358597,12252.77935589635,The Nilgiris,0,0,430.7,0,287,Nilgiris,Non-SEZ district,0.40621729672599827
33,612,2023,average-masked,0.9280285196571092,27272.587728034567,29387.66120906642,Dindigul,0,0,391.6,0,357,Dindigul,Non-SEZ district,0.6564979884322205
33,613,2023,average-masked,1.268786509082431,17372.87478786904,13692.51222605832,Karur,0,0,335.6,0,371,Karur,Non-SEZ district,0.8192451110590918
33,614,2023,average-masked,1.722346170933461,35955.04402967088,20875.61991686276,Tiruchirappalli,1,1,306.6,0,602,Tiruchirappalli,SEZ district,1.0014940713575424
33,615,2023,average-masked,1.1074612479088128,9137.986430419563,8251.292266591325,Perambalur,0,0,255,0,321,Perambalur,Non-SEZ district,0.7454840230184416
33,616,2023,average-masked,1.6146936564994774,14948.49449807493,9257.789821557875,Ariyalur,0,0,251.9,0,390,Ariyalur,Non-SEZ district,0.9611469420882915
33,617,2023,average-masked,1.711514161230808,29811.046202836656,17417.937214962054,Cuddalore,0,0,158.5,1,704,Cuddalore,Non-SEZ district,0.9975072099409951
33,618,2023,average-masked,1.245117767970262,15110.861479485931,12136.090150025742,Nagapattinam,0,0,245.95000000000002,1,694,Nagapattinam; Mayiladuthurai,Non-SEZ district,0.808757977711563
33,619,2023,average-masked,1.0431339374282589,11206.100348042515,10742.7243481983,Thiruvarur,0,0,266.7,1,533,Tiruvarur,Non-SEZ district,0.714484872878087
33,620,2023,average-masked,1.3865487829739245,22653.015262823392,16337.697988697026,Thanjavur,0,0,283.5,0,691,Thanjavur,Non-SEZ district,0.8698482984758986
33,621,2023,average-masked,0.8486142602772285,19288.659523955102,22729.59626869081,Pudukkottai,0,0,340.2,0,348,Pudukkottai,Non-SEZ district,0.6144363099144421
33,622,2023,average-masked,0.7132904122456203,14264.727731665776,19998.485170656888,Sivaganga,0,0,409.1,0,324,Sivaganga,Non-SEZ district,0.5384157392666675
33,623,2023,average-masked,1.5747671052188048,27818.078494252448,17664.88416100569,Madurai,1,2,422.1,0,819,Madurai,SEZ district,0.9457590854501208
33,624,2023,average-masked,0.668416572672045,8722.548009996295,13049.568736943878,Theni,0,0,457.5,0,433,Theni,Non-SEZ district,0.511875016563942
33,625,2023,average-masked,1.1188985576561077,22943.078683862885,20505.05698382929,Virudhunagar,0,0,464.8,0,454,Virudhunagar,Non-SEZ district,0.7508964053965295
33,626,2023,average-masked,0.6747009955335442,13140.233929333066,19475.6403448641,Ramanathapuram,0,0,442,1,320,Ramanathapuram,Non-SEZ district,0.5156346392129729
33,627,2023,average-masked,1.318872588027919,29383.434734606075,22279.20649904664,Thoothukkudi,1,1,533.8,1,378,Thoothukudi,SEZ district,0.841081114128339
33,628,2023,average-masked,1.30402783202551,41181.73424695625,31580.410506261836,Tirunelveli,1,3,559.25,0,435,Tirunelveli; Tenkasi,SEZ district,0.834658822632867
33,629,2023,average-masked,1.69361373991655,13647.059002091251,8057.952460142233,Kanniyakumari,0,0,630.5,1,1119,Kanniyakumari,Non-SEZ district,0.9908836898008381
33,630,2023,average-masked,0.9197866998333106,19540.422920396115,21244.51562947948,Dharmapuri,0,0,252.7,0,335,Dharmapuri,Non-SEZ district,0.6522140860314954
33,631,2023,average-masked,1.648916678376817,40614.54047243378,24631.044736847754,Krishnagiri,1,3,231.7,0,370,Krishnagiri,SEZ district,0.9741507558038589
33,632,2023,average-masked,2.462669159780085,55225.08920648532,22424.89170222804,Coimbatore,1,4,427.4,0,748,Coimbatore,SEZ district,1.2420397251302324
33,633,2023,average-masked,1.7840423534824197,43889.07619190605,24600.916063587472,Tiruppur,0,0,386.8,0,478,Tiruppur,Non-SEZ district,1.0239039555326106
33,602,2020,average-masked,4.325947121888296,74027.03442381673,17112.329933312634,Thiruvallur,1,4,39.8,1,1098,Tiruvallur,SEZ district,1.6725905590451013
33,603,2020,average-masked,27.84233492977889,23752.610294853424,853.1112909445219,Chennai,1,5,0,1,26553,Chennai,SEZ district,3.361844270643665
33,604,2020,average-masked,3.0116118601524957,62065.84882902521,20608.847258916845,Kancheepuram,1,20,60.650000000000006,1,909.5,Kancheepuram; Chengalpattu,SEZ district,1.389193120691923
33,605,2020,average-masked,1.1430838265978236,33724.57096771517,29503.14769835392,Vellore,1,1,141.43333333333334,0,529.3333333333334,Vellore; Ranipet; Tirupathur,SEZ district,0.7622458321976303
33,606,2020,average-masked,0.7158724590394525,21193.53165506138,29605.178111613008,Tiruvannamalai,1,1,161,0,399,Tiruvannamalai,SEZ district,0.5399216737344793
33,607,2020,average-masked,0.8422771158454767,28945.721347347902,34366.030849944465,Viluppuram,0,0,179.65,1,456,Viluppuram; Kallakurichi,Non-SEZ district,0.6110023694305687
33,608,2020,average-masked,1.3727876647351664,34495.85109785051,25128.322452187334,Salem,1,1,279.5,0,663,Salem,SEZ district,0.8640654937767427
33,609,2020,average-masked,1.131254518066129,18632.54148504512,16470.68912210605,Namakkal,0,0,308.5,0,506,Namakkal,Non-SEZ district,0.7567107819611691
33,610,2020,average-masked,0.7887959048084235,21734.700627490336,27554.276708331905,Erode,1,2,338.4,0,394,Erode,SEZ district,0.5815427146247386
33,611,2020,average-masked,0.3441330057336884,4216.585788336297,12252.77935589635,The Nilgiris,0,0,430.7,0,287,Nilgiris,Non-SEZ district,0.2957491998039533
33,612,2020,average-masked,0.6258819434196594,18393.20651008903,29387.66120906642,Dindigul,0,0,391.6,0,357,Dindigul,Non-SEZ district,0.48605040296674556
33,613,2020,average-masked,0.8736977094288576,11963.11656823378,13692.51222605832,Karur,0,0,335.6,0,371,Karur,Non-SEZ district,0.6279138631360499
33,614,2020,average-masked,1.2618028487763384,26340.916681069502,20875.61991686276,Tiruchirappalli,1,1,306.6,0,602,Tiruchirappalli,SEZ district,0.8161622159716446
33,615,2020,average-masked,0.7835954387026423,6465.674983503349,8251.292266591325,Perambalur,0,0,255,0,321,Perambalur,Non-SEZ district,0.5786312364134866
33,616,2020,average-masked,1.0491593493999796,9712.896746067414,9257.789821557875,Ariyalur,0,0,251.9,0,390,Ariyalur,Non-SEZ district,0.7174296355837764
33,617,2020,average-masked,1.48581377750337,25879.811089679297,17417.937214962054,Cuddalore,0,0,158.5,1,704,Cuddalore,Non-SEZ district,0.910600081796564
33,618,2020,average-masked,1.2946699196372875,15712.230859244708,12136.090150025742,Nagapattinam,0,0,245.95000000000002,1,694,Nagapattinam; Mayiladuthurai,Non-SEZ district,0.8305890073024711
33,619,2020,average-masked,0.898932697702027,9656.986178995146,10742.7243481983,Thiruvarur,0,0,266.7,1,533,Tiruvarur,Non-SEZ district,0.6412919902869004
33,620,2020,average-masked,1.2998451039023722,21236.47673964346,16337.697988697026,Thanjavur,0,0,283.5,0,691,Thanjavur,Non-SEZ district,0.8328417745378482
33,621,2020,average-masked,0.6958165012092481,15815.62814957922,22729.59626869081,Pudukkottai,0,0,340.2,0,348,Pudukkottai,Non-SEZ district,0.5281643364744887
33,622,2020,average-masked,0.4819024711793576,9637.319423583293,19998.485170656888,Sivaganga,0,0,409.1,0,324,Sivaganga,Non-SEZ district,0.39332671578758177
33,623,2020,average-masked,1.1736185063458855,20731.834963812595,17664.88416100569,Madurai,1,2,422.1,0,819,Madurai,SEZ district,0.7763932932389
33,624,2020,average-masked,0.448787965612851,5856.489405578105,13049.568736943878,Theni,0,0,457.5,0,433,Theni,Non-SEZ district,0.3707273211009189
33,625,2020,average-masked,0.7635623112774105,15656.8887034477,20505.05698382929,Virudhunagar,0,0,464.8,0,454,Virudhunagar,Non-SEZ district,0.5673358039384194
33,626,2020,average-masked,0.4708267650886585,9169.65274160253,19475.6403448641,Ramanathapuram,0,0,442,1,320,Ramanathapuram,Non-SEZ district,0.3858246679192325
33,627,2020,average-masked,0.8799509700417675,19604.60937059694,22279.20649904664,Thoothukkudi,1,1,533.8,1,378,Thoothukudi,SEZ district,0.6312456967367576
33,628,2020,average-masked,0.8599327168128599,27157.028204715123,31580.410506261836,Tirunelveli,1,3,559.25,0,435,Tirunelveli; Tenkasi,SEZ district,0.6205403133142968
33,629,2020,average-masked,1.2950396467070475,10435.367907164782,8057.952460142233,Kanniyakumari,0,0,630.5,1,1119,Kanniyakumari,Non-SEZ district,0.8307501186169085
33,630,2020,average-masked,0.6025313225173785,12800.486098471389,21244.51562947948,Dharmapuri,0,0,252.7,0,335,Dharmapuri,Non-SEZ district,0.47158445565435236
33,631,2020,average-masked,0.9469345977784812,23323.9884407507,24631.044736847754,Krishnagiri,1,3,231.7,0,370,Krishnagiri,SEZ district,0.6662561345461923
33,632,2020,average-masked,1.798121532852928,40322.680641671184,22424.89170222804,Coimbatore,1,4,427.4,0,748,Coimbatore,SEZ district,1.0289483109157618
33,633,2020,average-masked,1.1949284740764292,29396.33509274489,24600.916063587472,Tiruppur,0,0,386.8,0,478,Tiruppur,Non-SEZ district,0.7861494601540311
33,602,2012,average-masked,3.0339107964816985,51917.28253763414,17112.329933312634,Thiruvallur,1,4,39.8,1,1098,Tiruvallur,SEZ district,1.3947363263677683
33,603,2012,average-masked,23.61662557141002,20147.609928979007,853.1112909445219,Chennai,1,5,0,1,26553,Chennai,SEZ district,3.203422050900033
33,604,2012,average-masked,2.155015778682045,44412.39102341402,20608.847258916845,Kancheepuram,1,20,60.650000000000006,1,909.5,Kancheepuram; Chengalpattu,SEZ district,1.1489934971477214
33,605,2012,average-masked,0.768119842045633,22661.953149908597,29503.14769835392,Vellore,1,1,141.43333333333334,0,529.3333333333334,Vellore; Ranipet; Tirupathur,SEZ district,0.5699167458806849
33,606,2012,average-masked,0.4835890436613539,14316.739770418984,29605.178111613008,Tiruvannamalai,1,1,161,0,399,Tiruvannamalai,SEZ district,0.39446418163794794
33,607,2012,average-masked,0.626258251206271,21522.01038098698,34366.030849944465,Viluppuram,0,0,179.65,1,456,Viluppuram; Kallakurichi,Non-SEZ district,0.48628182459420977
33,608,2012,average-masked,1.024516812757693,25744.388828662548,25128.322452187334,Salem,1,1,279.5,0,663,Salem,SEZ district,0.7053310611025171
33,609,2012,average-masked,0.6828967710808759,11247.780418963128,16470.68912210605,Namakkal,0,0,308.5,0,506,Namakkal,Non-SEZ district,0.5205165770713598
33,610,2012,average-masked,0.4538100428447134,12504.40749356319,27554.276708331905,Erode,1,2,338.4,0,394,Erode,SEZ district,0.37418772604062633
33,611,2012,average-masked,0.3036900594498971,3721.047291018635,12252.77935589635,The Nilgiris,0,0,430.7,0,287,Nilgiris,Non-SEZ district,0.2651987507820928
33,612,2012,average-masked,0.348980644491849,10255.72494884811,29387.66120906642,Dindigul,0,0,391.6,0,357,Dindigul,Non-SEZ district,0.29934922908106054
33,613,2012,average-masked,0.4785297012982858,6552.273785558814,13692.51222605832,Karur,0,0,335.6,0,371,Karur,Non-SEZ district,0.3910481489136806
33,614,2012,average-masked,0.8060973427349385,16827.78174292763,20875.61991686276,Tiruchirappalli,1,1,306.6,0,602,Tiruchirappalli,SEZ district,0.5911683531740096
33,615,2012,average-masked,0.4083854734756495,3369.707899077864,8251.292266591325,Perambalur,0,0,255,0,321,Perambalur,Non-SEZ district,0.34244399404196846
33,616,2012,average-masked,0.5715569839784018,5291.354428715566,9257.789821557875,Ariyalur,0,0,251.9,0,390,Ariyalur,Non-SEZ district,0.45206683748156357
33,617,2012,average-masked,1.3171374943425278,22941.818179930586,17417.937214962054,Cuddalore,0,0,158.5,1,704,Cuddalore,Non-SEZ district,0.8403325852271604
33,618,2012,average-masked,0.6047467240904018,7339.26076149386,12136.090150025742,Nagapattinam,0,0,245.95000000000002,1,694,Nagapattinam; Mayiladuthurai,Non-SEZ district,0.4729659398245242
33,619,2012,average-masked,0.4788454811236884,5144.105009092177,10742.7243481983,Thiruvarur,0,0,266.7,1,533,Tiruvarur,Non-SEZ district,0.3912617030332118
33,620,2012,average-masked,0.6869499730798725,11223.181193522509,16337.697988697026,Thanjavur,0,0,283.5,0,691,Thanjavur,Non-SEZ district,0.5229221487553544
33,621,2012,average-masked,0.2906785538910762,6607.006173911047,22729.59626869081,Pudukkottai,0,0,340.2,0,348,Pudukkottai,Non-SEZ district,0.25516809084668707
33,622,2012,average-masked,0.2242536870746576,4484.734035427671,19998.485170656888,Sivaganga,0,0,409.1,0,324,Sivaganga,Non-SEZ district,0.20233142329651632
33,623,2012,average-masked,0.67437911584883,11912.82896207102,17664.88416100569,Madurai,1,2,422.1,0,819,Madurai,SEZ district,0.5154424194541136
33,624,2012,average-masked,0.2284251394121524,2980.849558004871,13049.568736943878,Theni,0,0,457.5,0,433,Theni,Non-SEZ district,0.20573297454294343
33,625,2012,average-masked,0.4057208709242968,8319.329577831555,20505.05698382929,Virudhunagar,0,0,464.8,0,454,Virudhunagar,Non-SEZ district,0.3405502465984937
33,626,2012,average-masked,0.1735545222738139,3380.0854560295056,19475.6403448641,Ramanathapuram,0,0,442,1,320,Ramanathapuram,Non-SEZ district,0.16003719647704231
33,627,2012,average-masked,0.4660193742305004,10382.541871037813,22279.20649904664,Thoothukkudi,1,1,533.8,1,378,Thoothukudi,SEZ district,0.3825508190868877
33,628,2012,average-masked,0.5010695893467826,15823.983323775436,31580.410506261836,Tirunelveli,1,3,559.25,0,435,Tirunelveli; Tenkasi,SEZ district,0.4061779135665029
33,629,2012,average-masked,0.7650257731206781,6164.541310589982,8057.952460142233,Kanniyakumari,0,0,630.5,1,1119,Kanniyakumari,Non-SEZ district,0.5681652926133088
33,630,2012,average-masked,0.2679487365119194,5692.441120726751,21244.51562947948,Dharmapuri,0,0,252.7,0,335,Dharmapuri,Non-SEZ district,0.23740042657941549
33,631,2012,average-masked,0.3804076195644836,9369.837095730558,24631.044736847754,Krishnagiri,1,3,231.7,0,370,Krishnagiri,SEZ district,0.3223788320500671
33,632,2012,average-masked,1.025680005437665,23000.763043080293,22424.89170222804,Coimbatore,1,4,427.4,0,748,Coimbatore,SEZ district,0.7059054493429732
33,633,2012,average-masked,0.6323067865974193,15555.32618351983,24600.916063587472,Tiruppur,0,0,386.8,0,478,Tiruppur,Non-SEZ district,0.48999422085922895
33,602,2015,average-masked,3.3327168070359847,57030.54957629599,17112.329933312634,Thiruvallur,1,4,39.8,1,1098,Tiruvallur,SEZ district,1.4661947833719484
33,603,2015,average-masked,24.809333701797573,21165.12270181396,853.1112909445219,Chennai,1,5,0,1,26553,Chennai,SEZ district,3.2507361978915847
33,604,2015,average-masked,2.519499711934183,51923.98473213657,20608.847258916845,Kancheepuram,1,20,60.650000000000006,1,909.5,Kancheepuram; Chengalpattu,SEZ district,1.25831885221754
33,605,2015,average-masked,1.0003131698486964,29512.38719465468,29503.14769835392,Vellore,1,1,141.43333333333334,0,529.3333333333334,Vellore; Ranipet; Tirupathur,SEZ district,0.6933037532261539
33,606,2015,average-masked,0.539803770677747,15980.986776235004,29605.178111613008,Tiruvannamalai,1,1,161,0,399,Tiruvannamalai,SEZ district,0.4316549866688846
33,607,2015,average-masked,0.6958275300368196,23912.830363486,34366.030849944465,Viluppuram,0,0,179.65,1,456,Viluppuram; Kallakurichi,Non-SEZ district,0.5281708400034381
33,608,2015,average-masked,1.30703641252382,32843.6324306487,25128.322452187334,Salem,1,1,279.5,0,663,Salem,SEZ district,0.8359637625624292
33,609,2015,average-masked,0.9350011406897494,15400.113117115405,16470.68912210605,Namakkal,0,0,308.5,0,506,Namakkal,Non-SEZ district,0.6601079159853178
33,610,2015,average-masked,0.6437170445656084,17737.157567830396,27554.276708331905,Erode,1,2,338.4,0,394,Erode,SEZ district,0.49696016780948493
33,611,2015,average-masked,0.3277186804577988,4015.46468245491,12252.77935589635,The Nilgiris,0,0,430.7,0,287,Nilgiris,Non-SEZ district,0.28346219160894504
33,612,2015,average-masked,0.5163297620186873,15173.724118363072,29387.66120906642,Dindigul,0,0,391.6,0,357,Dindigul,Non-SEZ district,0.41629278468639724
33,613,2015,average-masked,0.6844999517404158,9372.523957941972,13692.51222605832,Karur,0,0,335.6,0,371,Karur,Non-SEZ district,0.521468755215266
33,614,2015,average-masked,1.096261836455443,22885.145427205796,20875.61991686276,Tiruchirappalli,1,1,306.6,0,602,Tiruchirappalli,SEZ district,0.7401556806297126
33,615,2015,average-masked,0.5751942343650162,4746.095737803976,8251.292266591325,Perambalur,0,0,255,0,321,Perambalur,Non-SEZ district,0.4543785880802497
33,616,2015,average-masked,0.6737383637119052,6237.328165965134,9257.789821557875,Ariyalur,0,0,251.9,0,390,Ariyalur,Non-SEZ district,0.5150596657731815
33,617,2015,average-masked,1.4094077234606843,24548.975237520805,17417.937214962054,Cuddalore,0,0,158.5,1,704,Cuddalore,Non-SEZ district,0.8793809593990113
33,618,2015,average-masked,0.8237807385798108,9997.477307259373,12136.090150025742,Nagapattinam,0,0,245.95000000000002,1,694,Nagapattinam; Mayiladuthurai,Non-SEZ district,0.6009116753144994
33,619,2015,average-masked,0.7832505183847462,8414.244414590752,10742.7243481983,Thiruvarur,0,0,266.7,1,533,Tiruvarur,Non-SEZ district,0.5784378328725874
33,620,2015,average-masked,0.8639044910812737,14114.210666364852,16337.697988697026,Thanjavur,0,0,283.5,0,691,Thanjavur,Non-SEZ district,0.6226734762603491
33,621,2015,average-masked,0.4531622514399372,10300.195019440724,22729.59626869081,Pudukkottai,0,0,340.2,0,348,Pudukkottai,Non-SEZ district,0.3737420448645295
33,622,2015,average-masked,0.3524301841682666,7048.069811780957,19998.485170656888,Sivaganga,0,0,409.1,0,324,Sivaganga,Non-SEZ district,0.30190311056752994
33,623,2015,average-masked,0.9784694458325328,17284.549415715122,17664.88416100569,Madurai,1,2,422.1,0,819,Madurai,SEZ district,0.6823235386270694
33,624,2015,average-masked,0.3389009575837644,4422.511341005435,13049.568736943878,Theni,0,0,457.5,0,433,Theni,Non-SEZ district,0.2918490965227966
33,625,2015,average-masked,0.6530916186023504,13391.6808551025,20505.05698382929,Virudhunagar,0,0,464.8,0,454,Virudhunagar,Non-SEZ district,0.5026472429546971
33,626,2015,average-masked,0.2921705251320138,5690.208066841179,19475.6403448641,Ramanathapuram,0,0,442,1,320,Ramanathapuram,Non-SEZ district,0.2563233820473995
33,627,2015,average-masked,0.7456048185903673,16611.483720059,22279.20649904664,Thoothukkudi,1,1,533.8,1,378,Thoothukudi,SEZ district,0.5571010965135555
33,628,2015,average-masked,0.8107574533388462,25604.053197452187,31580.410506261836,Tirunelveli,1,3,559.25,0,435,Tirunelveli; Tenkasi,SEZ district,0.5937452402460012
33,629,2015,average-masked,1.0023501810151745,8076.890107035236,8057.952460142233,Kanniyakumari,0,0,630.5,1,1119,Kanniyakumari,Non-SEZ district,0.6943215811890756
33,630,2015,average-masked,0.2916099484152383,6195.112106819233,21244.51562947948,Dharmapuri,0,0,252.7,0,335,Dharmapuri,Non-SEZ district,0.25588946226875703
33,631,2015,average-masked,0.5007949742233544,12335.10341408396,24631.044736847754,Krishnagiri,1,3,231.7,0,370,Krishnagiri,SEZ district,0.4059949505324427
33,632,2015,average-masked,1.3661138534920605,30634.955217472874,22424.89170222804,Coimbatore,1,4,427.4,0,748,Coimbatore,SEZ district,0.8612488850628711
33,633,2015,average-masked,0.9180805988266691,22585.623751343013,24600.916063587472,Tiruppur,0,0,386.8,0,478,Tiruppur,Non-SEZ district,0.6513249979071492
33,602,2021,average-masked,4.416092596975115,75569.63353549757,17112.329933312634,Thiruvallur,1,4,39.8,1,1098,Tiruvallur,SEZ district,1.6893746323942356
33,603,2021,average-masked,28.569436832545687,24372.909137771025,853.1112909445219,Chennai,1,5,0,1,26553,Chennai,SEZ district,3.3867412884529147
33,604,2021,average-masked,3.1311785324844283,64529.98011637098,20608.847258916845,Kancheepuram,1,20,60.650000000000006,1,909.5,Kancheepuram; Chengalpattu,SEZ district,1.4185627252208861
33,605,2021,average-masked,1.199306162153267,35383.30683755383,29503.14769835392,Vellore,1,1,141.43333333333334,0,529.3333333333334,Vellore; Ranipet; Tirupathur,SEZ district,0.7881419297818503
33,606,2021,average-masked,0.7575786307937052,22428.250298199557,29605.178111613008,Tiruvannamalai,1,1,161,0,399,Tiruvannamalai,SEZ district,0.5639370838405386
33,607,2021,average-masked,0.9032830680647655,31042.253783346223,34366.030849944465,Viluppuram,0,0,179.65,1,456,Viluppuram; Kallakurichi,Non-SEZ district,0.6435803255782808
33,608,2021,average-masked,1.5177007809293122,38137.27460912829,25128.322452187334,Salem,1,1,279.5,0,663,Salem,SEZ district,0.9233460965234651
33,609,2021,average-masked,1.2199222582984903,20092.960269571995,16470.68912210605,Namakkal,0,0,308.5,0,506,Namakkal,Non-SEZ district,0.7974721764865523
33,610,2021,average-masked,0.8191196993772876,22570.250853887428,27554.276708331905,Erode,1,2,338.4,0,394,Erode,SEZ district,0.598352702416166
33,611,2021,average-masked,0.3493885581508034,4280.980912496556,12252.77935589635,The Nilgiris,0,0,430.7,0,287,Nilgiris,Non-SEZ district,0.29965156996285103
33,612,2021,average-masked,0.6862153956885195,20166.26556493967,29387.66120906642,Dindigul,0,0,391.6,0,357,Dindigul,Non-SEZ district,0.5224866068695242
33,613,2021,average-masked,0.9707443981293072,13291.929539763163,13692.51222605832,Karur,0,0,335.6,0,371,Karur,Non-SEZ district,0.6784113384468292
33,614,2021,average-masked,1.3321679890862408,27809.832605575742,20875.61991686276,Tiruchirappalli,1,1,306.6,0,602,Tiruchirappalli,SEZ district,0.846798302380124
33,615,2021,average-masked,0.8876281632229305,7324.079398810029,8251.292266591325,Perambalur,0,0,255,0,321,Perambalur,Non-SEZ district,0.6353211008811323
33,616,2021,average-masked,1.126005399209281,10424.321323818896,9257.789821557875,Ariyalur,0,0,251.9,0,390,Ariyalur,Non-SEZ district,0.7542448195257887
33,617,2021,average-masked,1.497152555495761,26077.30921284516,17417.937214962054,Cuddalore,0,0,158.5,1,704,Cuddalore,Non-SEZ district,0.9151511049443012
33,618,2021,average-masked,1.217203118857043,14772.08678134157,12136.090150025742,Nagapattinam,0,0,245.95000000000002,1,694,Nagapattinam; Mayiladuthurai,Non-SEZ district,0.7962465452272548
33,619,2021,average-masked,1.026183554204305,11024.007053471256,10742.7243481983,Thiruvarur,0,0,266.7,1,533,Tiruvarur,Non-SEZ district,0.70615400103373
33,620,2021,average-masked,1.3152605883253174,21488.330268495007,16337.697988697026,Thanjavur,0,0,283.5,0,691,Thanjavur,Non-SEZ district,0.8395222463545412
33,621,2021,average-masked,0.7425690917649711,16878.29565742621,22729.59626869081,Pudukkottai,0,0,340.2,0,348,Pudukkottai,Non-SEZ district,0.555360513807624
33,622,2021,average-masked,0.5605288648384701,11209.728191197282,19998.485170656888,Sivaganga,0,0,409.1,0,324,Sivaganga,Non-SEZ district,0.44502477973062876
33,623,2021,average-masked,1.3029749914884707,23016.90228933121,17664.88416100569,Madurai,1,2,422.1,0,819,Madurai,SEZ district,0.8342017616777513
33,624,2021,average-masked,0.5027362658906557,6560.491458294605,13049.568736943878,Theni,0,0,457.5,0,433,Theni,Non-SEZ district,0.4072876235778897
33,625,2021,average-masked,0.86626170863498,17762.74569846959,20505.05698382929,Virudhunagar,0,0,464.8,0,454,Virudhunagar,Non-SEZ district,0.6239373437350277
33,626,2021,average-masked,0.5159079035452863,10047.636780520834,19475.6403448641,Ramanathapuram,0,0,442,1,320,Ramanathapuram,Non-SEZ district,0.4160145357345333
33,627,2021,average-masked,0.9751318833655216,21725.16459330472,22279.20649904664,Thoothukkudi,1,1,533.8,1,378,Thoothukudi,SEZ district,0.6806351725112474
33,628,2021,average-masked,0.9109271700699868,28767.45397211757,31580.410506261836,Tirunelveli,1,3,559.25,0,435,Tirunelveli; Tenkasi,SEZ district,0.647588553631838
33,629,2021,average-masked,1.418466875469429,11429.93864881915,8057.952460142233,Kanniyakumari,0,0,630.5,1,1119,Kanniyakumari,Non-SEZ district,0.883133816875106
33,630,2021,average-masked,0.6463181506907818,13730.716053966586,21244.51562947948,Dharmapuri,0,0,252.7,0,335,Dharmapuri,Non-SEZ district,0.4985413707527633
33,631,2021,average-masked,1.0724262551417736,26414.97906736713,24631.044736847754,Krishnagiri,1,3,231.7,0,370,Krishnagiri,SEZ district,0.7287200248329714
33,632,2021,average-masked,1.9306994271667757,43295.72556376865,22424.89170222804,Coimbatore,1,4,427.4,0,748,Coimbatore,SEZ district,1.0752411068853274
33,633,2021,average-masked,1.340168897569478,32969.38256013729,24600.916063587472,Tiruppur,0,0,386.8,0,478,Tiruppur,Non-SEZ district,0.8502231052133661
33,602,2016,average-masked,3.424007716282492,58592.74973523432,17112.329933312634,Thiruvallur,1,4,39.8,1,1098,Tiruvallur,SEZ district,1.4870460084053327
33,603,2016,average-masked,25.236086417378296,21529.190261917112,853.1112909445219,Chennai,1,5,0,1,26553,Chennai,SEZ district,3.2671358072733847
33,604,2016,average-masked,2.539122500024257,52328.387774679,20608.847258916845,Kancheepuram,1,20,60.650000000000006,1,909.5,Kancheepuram; Chengalpattu,SEZ district,1.2638788150689435
33,605,2016,average-masked,0.9625016304073616,28396.82776181485,29503.14769835392,Vellore,1,1,141.43333333333334,0,529.3333333333334,Vellore; Ranipet; Tirupathur,SEZ district,0.6742200014549026
33,606,2016,average-masked,0.4881090374659785,14450.554992068282,29605.178111613008,Tiruvannamalai,1,1,161,0,399,Tiruvannamalai,SEZ district,0.39750621159312943
33,607,2016,average-masked,0.6321262897307525,21723.671573947973,34366.030849944465,Viluppuram,0,0,179.65,1,456,Viluppuram; Kallakurichi,Non-SEZ district,0.4898836369614247
33,608,2016,average-masked,1.304238377327356,32773.32249999938,25128.322452187334,Salem,1,1,279.5,0,663,Salem,SEZ district,0.8347501998634467
33,609,2016,average-masked,0.8881482349862985,14628.413472806516,16470.68912210605,Namakkal,0,0,308.5,0,506,Namakkal,Non-SEZ district,0.6355965789348134
33,610,2016,average-masked,0.6143562731350185,16928.142747461836,27554.276708331905,Erode,1,2,338.4,0,394,Erode,SEZ district,0.478936284729463
33,611,2016,average-masked,0.3177228196338574,3892.9876053069074,12252.77935589635,The Nilgiris,0,0,430.7,0,287,Nilgiris,Non-SEZ district,0.27590511019543895
33,612,2016,average-masked,0.4660236731164659,13695.345820951416,29387.66120906642,Dindigul,0,0,391.6,0,357,Dindigul,Non-SEZ district,0.38255375143535336
33,613,2016,average-masked,0.6331225973810106,8669.038905233287,13692.51222605832,Karur,0,0,335.6,0,371,Karur,Non-SEZ district,0.4904938861127893
33,614,2016,average-masked,1.0082487465123449,21047.81761384502,20875.61991686276,Tiruchirappalli,1,1,306.6,0,602,Tiruchirappalli,SEZ district,0.6972630719024602
33,615,2016,average-masked,0.5155289045063312,4253.779662957388,8251.292266591325,Perambalur,0,0,255,0,321,Perambalur,Non-SEZ district,0.41576448992132475
33,616,2016,average-masked,0.6000652809403463,5555.278250159805,9257.789821557875,Ariyalur,0,0,251.9,0,390,Ariyalur,Non-SEZ district,0.47004442900113064
33,617,2016,average-masked,1.3454473504941744,23434.91747694457,17417.937214962054,Cuddalore,0,0,158.5,1,704,Cuddalore,Non-SEZ district,0.8524761515057332
33,618,2016,average-masked,0.672538357744306,8161.986138935162,12136.090150025742,Nagapattinam,0,0,245.95000000000002,1,694,Nagapattinam; Mayiladuthurai,Non-SEZ district,0.5143424471335244
33,619,2016,average-masked,0.5557919486721865,5970.719699533277,10742.7243481983,Thiruvarur,0,0,266.7,1,533,Tiruvarur,Non-SEZ district,0.44198470773677234
33,620,2016,average-masked,0.7786133347232759,12720.749512681148,16337.697988697026,Thanjavur,0,0,283.5,0,691,Thanjavur,Non-SEZ district,0.5758340352696327
33,621,2016,average-masked,0.3743084708073633,8507.88042140241,22729.59626869081,Pudukkottai,0,0,340.2,0,348,Pudukkottai,Non-SEZ district,0.3179506742847431
33,622,2016,average-masked,0.2937687784404098,5874.930559242524,19998.485170656888,Sivaganga,0,0,409.1,0,324,Sivaganga,Non-SEZ district,0.257559492662753
33,623,2016,average-masked,0.8568687474904023,15136.487165603994,17664.88416100569,Madurai,1,2,422.1,0,819,Madurai,SEZ district,0.6188916000074718
33,624,2016,average-masked,0.328086302926128,4281.384761684299,13049.568736943878,Theni,0,0,457.5,0,433,Theni,Non-SEZ district,0.2837390360858379
33,625,2016,average-masked,0.5751804195754062,11794.107279376543,20505.05698382929,Virudhunagar,0,0,464.8,0,454,Virudhunagar,Non-SEZ district,0.4543698178283733
33,626,2016,average-masked,0.2655241918977967,5171.253664262168,19475.6403448641,Ramanathapuram,0,0,442,1,320,Ramanathapuram,Non-SEZ district,0.2354864172942845
33,627,2016,average-masked,0.7360375738208648,16398.33309821233,22279.20649904664,Thoothukkudi,1,1,533.8,1,378,Thoothukudi,SEZ district,0.5516052599099606
33,628,2016,average-masked,0.7964890076769273,25153.449826162498,31580.410506261836,Tirunelveli,1,3,559.25,0,435,Tirunelveli; Tenkasi,SEZ district,0.585834208809008
33,629,2016,average-masked,1.099190777388637,8857.227028824418,8057.952460142233,Kanniyakumari,0,0,630.5,1,1119,Kanniyakumari,Non-SEZ district,0.7415519263646115
33,630,2016,average-masked,0.2803490494784986,5955.879763355679,21244.51562947948,Dharmapuri,0,0,252.7,0,335,Dharmapuri,Non-SEZ district,0.24713273566210525
33,631,2016,average-masked,0.5145713076935466,12674.428900098,24631.044736847754,Krishnagiri,1,3,231.7,0,370,Krishnagiri,SEZ district,0.41513243370034
33,632,2016,average-masked,1.4380567074837791,32248.265926986376,22424.89170222804,Coimbatore,1,4,427.4,0,748,Coimbatore,SEZ district,0.8912012906260551
33,633,2016,average-masked,0.8743085887347257,21508.792205136608,24600.916063587472,Tiruppur,0,0,386.8,0,478,Tiruppur,Non-SEZ district,0.6282398387415749
33,602,2017,average-masked,3.631436555566776,62142.34047075107,17112.329933312634,Thiruvallur,1,4,39.8,1,1098,Tiruvallur,SEZ district,1.532867091154723
33,603,2017,average-masked,26.65264640747812,22737.67358377153,853.1112909445219,Chennai,1,5,0,1,26553,Chennai,SEZ district,3.319721434327878
33,604,2017,average-masked,2.713332329160158,55918.65153434278,20608.847258916845,Kancheepuram,1,20,60.650000000000006,1,909.5,Kancheepuram; Chengalpattu,SEZ district,1.311929675407336
33,605,2017,average-masked,1.0561363782584183,31159.347557362697,29503.14769835392,Vellore,1,1,141.43333333333334,0,529.3333333333334,Vellore; Ranipet; Tirupathur,SEZ district,0.7208286772308117
33,606,2017,average-masked,0.5760296962252567,17053.461754327058,29605.178111613008,Tiruvannamalai,1,1,161,0,399,Tiruvannamalai,SEZ district,0.45490883404068766
33,607,2017,average-masked,0.7641331763333347,26260.22431133743,34366.030849944465,Viluppuram,0,0,179.65,1,456,Viluppuram; Kallakurichi,Non-SEZ district,0.5676594515224652
33,608,2017,average-masked,1.3537724357496042,34018.03029239912,25128.322452187334,Salem,1,1,279.5,0,663,Salem,SEZ district,0.856019332860782
33,609,2017,average-masked,0.9832976815222192,16195.590426840114,16470.68912210605,Namakkal,0,0,308.5,0,506,Namakkal,Non-SEZ district,0.6847609550247811
33,610,2017,average-masked,0.6789608435549364,18708.27495743517,27554.276708331905,Erode,1,2,338.4,0,394,Erode,SEZ district,0.5181750565339623
33,611,2017,average-masked,0.3444404976776873,4220.353419279832,12252.77935589635,The Nilgiris,0,0,430.7,0,287,Nilgiris,Non-SEZ district,0.29597793965052954
33,612,2017,average-masked,0.4862200108707444,14288.868952538029,29387.66120906642,Dindigul,0,0,391.6,0,357,Dindigul,Non-SEZ district,0.39623599110405505
33,613,2017,average-masked,0.7166847133868726,9813.214200278857,13692.51222605832,Karur,0,0,335.6,0,371,Karur,Non-SEZ district,0.5403949386048247
33,614,2017,average-masked,1.0367518300444396,21642.83715211962,20875.61991686276,Tiruchirappalli,1,1,306.6,0,602,Tiruchirappalli,SEZ district,0.7113562987202712
33,615,2017,average-masked,0.5813808666828967,4797.143449204747,8251.292266591325,Perambalur,0,0,255,0,321,Perambalur,Non-SEZ district,0.4582984316077369
33,616,2017,average-masked,0.7065571560283286,6541.15764742794,9257.789821557875,Ariyalur,0,0,251.9,0,390,Ariyalur,Non-SEZ district,0.5344779819349047
33,617,2017,average-masked,1.4103776349945718,24565.86909572212,17417.937214962054,Cuddalore,0,0,158.5,1,704,Cuddalore,Non-SEZ district,0.8797834302456761
33,618,2017,average-masked,0.7557095642752213,9171.359399280758,12136.090150025742,Nagapattinam,0,0,245.95000000000002,1,694,Nagapattinam; Mayiladuthurai,Non-SEZ district,0.5628730853348441
33,619,2017,average-masked,0.5386114314902117,5786.154139287838,10742.7243481983,Thiruvarur,0,0,266.7,1,533,Tiruvarur,Non-SEZ district,0.430880341815052
33,620,2017,average-masked,0.850300580714703,13891.954087330518,16337.697988697026,Thanjavur,0,0,283.5,0,691,Thanjavur,Non-SEZ district,0.6153481019544292
33,621,2017,average-masked,0.4416410509803593,10038.322784463862,22729.59626869081,Pudukkottai,0,0,340.2,0,348,Pudukkottai,Non-SEZ district,0.3657820834517691
33,622,2017,average-masked,0.3450584812300411,6900.646919888365,19998.485170656888,Sivaganga,0,0,409.1,0,324,Sivaganga,Non-SEZ district,0.2964374925769863
33,623,2017,average-masked,0.938928858639144,16586.06952328577,17664.88416100569,Madurai,1,2,422.1,0,819,Madurai,SEZ district,0.6621356858706405
33,624,2017,average-masked,0.3781298224924643,4934.4311101038,13049.568736943878,Theni,0,0,457.5,0,433,Theni,Non-SEZ district,0.320727378961211
33,625,2017,average-masked,0.6247354092602129,12810.23516669658,20505.05698382929,Virudhunagar,0,0,464.8,0,454,Virudhunagar,Non-SEZ district,0.48534497745362165
33,626,2017,average-masked,0.333802435004806,6501.016170393476,19475.6403448641,Ramanathapuram,0,0,442,1,320,Ramanathapuram,Non-SEZ district,0.28803383682904177
33,627,2017,average-masked,0.8217192140009489,18307.25205296144,22279.20649904664,Thoothukkudi,1,1,533.8,1,378,Thoothukudi,SEZ district,0.5997806782905367
33,628,2017,average-masked,0.7989072533567665,25229.819017436814,31580.410506261836,Tirunelveli,1,3,559.25,0,435,Tirunelveli; Tenkasi,SEZ district,0.5871793990850878
33,629,2017,average-masked,1.1222899524418468,9043.359083271687,8057.952460142233,Kanniyakumari,0,0,630.5,1,1119,Kanniyakumari,Non-SEZ district,0.7524956719702734
33,630,2017,average-masked,0.4257356794108236,9044.548295270306,21244.51562947948,Dharmapuri,0,0,252.7,0,335,Dharmapuri,Non-SEZ district,0.35468794675425047
33,631,2017,average-masked,0.6926931487550915,17061.755935894595,24631.044736847754,Krishnagiri,1,3,231.7,0,370,Krishnagiri,SEZ district,0.5263208396801126
33,632,2017,average-masked,1.5448161265869371,34642.33433856747,22424.89170222804,Coimbatore,1,4,427.4,0,748,Coimbatore,SEZ district,0.9340583985071197
33,633,2017,average-masked,0.9416716697939624,23165.98570805953,24600.916063587472,Tiruppur,0,0,386.8,0,478,Tiruppur,Non-SEZ district,0.6635492874982554
33,602,2019,average-masked,4.215666176896055,72139.870507752,17112.329933312634,Thiruvallur,1,4,39.8,1,1098,Tiruvallur,SEZ district,1.651666822748065
33,603,2019,average-masked,29.17302291032475,24887.835235781266,853.1112909445219,Chennai,1,5,0,1,26553,Chennai,SEZ district,3.406948244052417
33,604,2019,average-masked,2.996901453724812,61762.68430984049,20608.847258916845,Kancheepuram,1,20,60.650000000000006,1,909.5,Kancheepuram; Chengalpattu,SEZ district,1.3855194243651534
33,605,2019,average-masked,1.078719005880994,31825.60615552848,29503.14769835392,Vellore,1,1,141.43333333333334,0,529.3333333333334,Vellore; Ranipet; Tirupathur,SEZ district,0.7317518414347687
33,606,2019,average-masked,0.5732879844389309,16972.292888562177,29605.178111613008,Tiruvannamalai,1,1,161,0,399,Tiruvannamalai,SEZ district,0.45316768706411864
33,607,2019,average-masked,0.7720324993301502,26531.69268913967,34366.030849944465,Viluppuram,0,0,179.65,1,456,Viluppuram; Kallakurichi,Non-SEZ district,0.5721271924944734
33,608,2019,average-masked,1.3342228865817547,33526.782917114506,25128.322452187334,Salem,1,1,279.5,0,663,Salem,SEZ district,0.8476790248412689
33,609,2019,average-masked,1.066740837115465,17569.956701983992,16470.68912210605,Namakkal,0,0,308.5,0,506,Namakkal,Non-SEZ district,0.7259728916657819
33,610,2019,average-masked,0.7147141076015048,19693.430288200365,27554.276708331905,Erode,1,2,338.4,0,394,Erode,SEZ district,0.539246365614735
33,611,2019,average-masked,0.3299086430527844,4042.297810928935,12252.77935589635,The Nilgiris,0,0,430.7,0,287,Nilgiris,Non-SEZ district,0.2851102504404385
33,612,2019,average-masked,0.579364462881279,17026.166551727765,29387.66120906642,Dindigul,0,0,391.6,0,357,Dindigul,Non-SEZ district,0.4570225274364616
33,613,2019,average-masked,0.7879103363609946,10788.471913660642,13692.51222605832,Karur,0,0,335.6,0,371,Karur,Non-SEZ district,0.5810475280447889
33,614,2019,average-masked,1.150005427091062,24007.07619828244,20875.61991686276,Tiruchirappalli,1,1,306.6,0,602,Tiruchirappalli,SEZ district,0.7654703663647865
33,615,2019,average-masked,0.658412746639589,5432.756004572394,8251.292266591325,Perambalur,0,0,255,0,321,Perambalur,Non-SEZ district,0.5058609682167382
33,616,2019,average-masked,0.84725050819114045,7843.667131041677,9257.789821557875,Ariyalur,0,0,251.9,0,390,Ariyalur,Non-SEZ district,0.6136983217934385
33,617,2019,average-masked,1.413939354878896,24627.90690904456,17417.937214962054,Cuddalore,0,0,158.5,1,704,Cuddalore,Non-SEZ district,0.8812600001057922
33,618,2019,average-masked,1.088473879796722,13209.817131161302,12136.090150025742,Nagapattinam,0,0,245.95000000000002,1,694,Nagapattinam; Mayiladuthurai,Non-SEZ district,0.7364335981958792
33,619,2019,average-masked,0.7415610774146764,7966.386242018807,10742.7243481983,Thiruvarur,0,0,266.7,1,533,Tiruvarur,Non-SEZ district,0.5547818819371294
33,620,2019,average-masked,1.126848866995496,18410.11646787784,16337.697988697026,Thanjavur,0,0,283.5,0,691,Thanjavur,Non-SEZ district,0.7546414791545828
33,621,2019,average-masked,0.5963330107875942,13554.408576894855,22729.59626869081,Pudukkottai,0,0,340.2,0,348,Pudukkottai,Non-SEZ district,0.4677091306382145
33,622,2019,average-masked,0.4011313684026156,8022.019722485014,19998.485170656888,Sivaganga,0,0,409.1,0,324,Sivaganga,Non-SEZ district,0.33728003055540595
33,623,2019,average-masked,1.08709229522749,19203.35946751541,17664.88416100569,Madurai,1,2,422.1,0,819,Madurai,SEZ district,0.7357718509923918
33,624,2019,average-masked,0.4187298878646247,5464.244453902223,13049.568736943878,Theni,0,0,457.5,0,433,Theni,Non-SEZ district,0.3497620261926464
33,625,2019,average-masked,0.7265250637452506,14897.437832276571,20505.05698382929,Virudhunagar,0,0,464.8,0,454,Virudhunagar,Non-SEZ district,0.5461107548263786
33,626,2019,average-masked,0.3790707171439881,7382.644952366022,19475.6403448641,Ramanathapuram,0,0,442,1,320,Ramanathapuram,Non-SEZ district,0.32140987896403683
33,627,2019,average-masked,0.8687668288420735,19355.435579294463,22279.20649904664,Thoothukkudi,1,1,533.8,1,378,Thoothukudi,SEZ district,0.6252787635167518
33,628,2019,average-masked,0.9039184439673252,28546.115524669563,31580.410506261836,Tirunelveli,1,3,559.25,0,435,Tirunelveli; Tenkasi,SEZ district,0.6439141014009948
33,629,2019,average-masked,1.249339012311597,10067.1143678079,8057.952460142233,Kanniyakumari,0,0,630.5,1,1119,Kanniyakumari,Non-SEZ district,0.8106364007508351
33,630,2019,average-masked,0.4455412427182641,9465.307894505871,21244.51562947948,Dharmapuri,0,0,252.7,0,335,Dharmapuri,Non-SEZ district,0.3684838138681833
33,631,2019,average-masked,0.8098028907723892,19946.291230643357,24631.044736847754,Krishnagiri,1,3,231.7,0,370,Krishnagiri,SEZ district,0.5932179392219333
33,632,2019,average-masked,1.7132094055114877,38418.53538183359,22424.89170222804,Coimbatore,1,4,427.4,0,748,Coimbatore,SEZ district,0.9981322166588518
33,633,2019,average-masked,1.1056409210439146,27199.779495068888,24600.916063587472,Tiruppur,0,0,386.8,0,478,Tiruppur,Non-SEZ district,0.7446198963463734
